Product_Code,Normalized_Code,Source_URL,Error
1005605S01,1005605S01,,Official MANN product not found
4560293401,4560293401,,Official MANN product not found
4900053341,4900053341,,Official MANN product not found
C11500,C11500,,Official MANN product not found
C 14 139,C14139,,Official MANN product not found
C 19 198/1 X,C191981X,,Official MANN product not found
C23031,C23031,,Official MANN product not found
C23800BASIS,C23800BASIS,,Official MANN product not found
C 24 719/2 X,C247192X,,Official MANN product not found
C 26 170,C26170,,Official MANN product not found
C 26 275,C26275,,Official MANN product not found
C 2659,C2659,,Official MANN product not found
C2813002,C2813002,,Official MANN product not found
C 29 769,C29769,,Official MANN product not found
C 30 150 X,C30150X,,Official MANN product not found
C304001WORKAIRTECH,C304001WORKAIRTECH,,Official MANN product not found
C 30 683,C30683,,Official MANN product not found
C 30 850/8,C308508,,Official MANN product not found
C 3175/3,C31753,,Official MANN product not found
C 3175/4,C31754,,Official MANN product not found
C 40 810,C40810,,Official MANN product not found
CF 1313,CF1313,,Official MANN product not found
CF 1652,CF1652,,Official MANN product not found
CF 19 186,CF19186,,Official MANN product not found
CF 19 157,CF19157,,Official MANN product not found
CF 87,CF87,,Official MANN product not found
CP 25 001,CP25001,,Official MANN product not found
CS 1416 (5),CS14165,,Official MANN product not found
CS 97 (5),CS975,,Official MANN product not found
CU 4260,CU4260,,Official MANN product not found
CUD41008,CUD41008,,Official MANN product not found
DICHTUNGSSATZ,DICHTUNGSSATZ,,Official MANN product not found
EUROPICLON100,EUROPICLON100,,Official MANN product not found
EUROPICLON300,EUROPICLON300,,Official MANN product not found
EUROPICLON400,EUROPICLON400,,Official MANN product not found
EUROPICLON,EUROPICLON,,Official MANN product not found
EUROPICLON50,EUROPICLON50,,Official MANN product not found
EUROPICLON500,EUROPICLON500,,Official MANN product not found
EUROPICLON600,EUROPICLON600,,Official MANN product not found
EUROPICLON700,EUROPICLON700,,Official MANN product not found
FILTERKOPFVST114UNS2A104014,FILTERKOPFVST114UNS2A104014,,Official MANN product not found
EUROPICLON800,EUROPICLON800,,Official MANN product not found
FILTERKOPFVSTFUELFILTER124013,FILTERKOPFVSTFUELFILTER124013,,Official MANN product not found
FP22016,FP22016,,Official MANN product not found
H 1054 X,H1054X,,Official MANN product not found
H 13 002,H13002,,Official MANN product not found
H15170,H15170,,Official MANN product not found
H 18 300,H18300,,Official MANN product not found
H312,H312,,Official MANN product not found
H 66/3 X,H663X,,Official MANN product not found
H 69/1,H691,,Official MANN product not found
H 76/1,H761,,Official MANN product not found
HD 1384/1 X,HD13841X,,Official MANN product not found
HD 1395,HD1395,,Official MANN product not found
HD15008,HD15008,,Official MANN product not found
HD 56/1,HD561,,Official MANN product not found
HD 716/2,HD7162,,Official MANN product not found
LPF1800250,LPF1800250,,Official MANN product not found
MEMBRANE604,MEMBRANE604,,Official MANN product not found
NLG1512,NLG1512,,Official MANN product not found
NLG2118,NLG2118,,Official MANN product not found
NLG2121,NLG2121,,Official MANN product not found
NLG2124,NLG2124,,Official MANN product not found
NLG3732,NLG3732,,Official MANN product not found
NLGPICLON,NLGPICLON,,Official MANN product not found
NLGPICO,NLGPICO,,Official MANN product not found
OELFILTER,OELFILTER,,Official MANN product not found
P 1018/3,P10183,,Official MANN product not found
P 240 X,P240X,,Official MANN product not found
P 960 X,P960X,,Official MANN product not found
PICOLUFTFILTER,PICOLUFTFILTER,,Official MANN product not found
PICLON,PICLON,,Official MANN product not found
PL15030X,PL15030X,,Official MANN product not found
PL1503110,PL1503110,,Official MANN product not found
PL1503210,PL1503210,,Official MANN product not found
PL2708MHRU,PL2708MHRU,,Official MANN product not found
PL270XMHRU,PL270XMHRU,,Official MANN product not found
PL270XROSTSELMASH,PL270XROSTSELMASH,,Official MANN product not found
PL4208MHRU,PL4208MHRU,,Official MANN product not found
PL420XROSTSELMASH,PL420XROSTSELMASH,,Official MANN product not found
PRELINE1002,PRELINE1002,,Official MANN product not found
PRELINE108012501300,PRELINE108012501300,,Official MANN product not found
PRELINE1501,PRELINE1501,,Official MANN product not found
PRELINE250,PRELINE250,,Official MANN product not found
PRELINE50,PRELINE50,,Official MANN product not found
PRELINE501,PRELINE501,,Official MANN product not found
PRELINE502,PRELINE502,,Official MANN product not found
PRELINE600,PRELINE600,,Official MANN product not found
PRELINEPRELINE270PL2701,PRELINEPRELINE270PL2701,,Official MANN product not found
PRELINEPRELINE420PL4201,PRELINEPRELINE420PL4201,,Official MANN product not found
PU 1046 X,PU1046X,,Official MANN product not found
PU12005Z,PU12005Z,,Official MANN product not found
PU120302Z,PU120302Z,,Official MANN product not found
SERVICEKITBOWLASSYPACKED,SERVICEKITBOWLASSYPACKED,,Official MANN product not found
SFFILTEREINSATZ,SFFILTEREINSATZ,,Official MANN product not found
SERVICEKITSERVICEKITFM600PA,SERVICEKITSERVICEKITFM600PA,,Official MANN product not found
SP20272,SP20272,,Official MANN product not found
SP20282,SP20282,,Official MANN product not found
SP21002,SP21002,,Official MANN product not found
SP21002KIT,SP21002KIT,,Official MANN product not found
SP5042,SP5042,,Official MANN product not found
TB139414X,TB139414X,,Official MANN product not found
W111028YAMZ,W111028YAMZ,,Official MANN product not found
W13003,W13003,,Official MANN product not found
W 1387,W1387,,Official MANN product not found
W 610/83,W61083,,Official MANN product not found
W 67/80,W6780,,Official MANN product not found
W 67/81,W6781,,Official MANN product not found
W 713/4,W7134,,Official MANN product not found
W8006,W8006,,Official MANN product not found
W 817/80,W81780,,Official MANN product not found
W 9032,W9032,,Official MANN product not found
W 918/2 X,W9182X,,Official MANN product not found
W 929/2,W9292,,Official MANN product not found
W940NHF,W940NHF,,Official MANN product not found
W 945,W945,,Official MANN product not found
W 950/40,W95040,,Official MANN product not found
WARTUNGSSCHALTER,WARTUNGSSCHALTER,,Official MANN product not found
WD 12 001,WD12001,,Official MANN product not found
WDK111028MAN,WDK111028MAN,,Official MANN product not found
WDK96218,WDK96218,,Official MANN product not found
WK 76/4,WK764,,Official MANN product not found
WK 850/2,WK8502,,Official MANN product not found
WK 954,WK954,,Official MANN product not found
ZUWK312,ZUWK312,,Official MANN product not found
ZYKLON,ZYKLON,,Official MANN product not found
